<?xml version="1.0" encoding="UTF-8"?>
<database name="MySQLDB">
	<table name="STUDENT" id="1" relatedTables="">
		<fields>
			<field name="StudentSSN" type="VARCHAR" length="1" notNull="true" default=""/>
			<field name="StudentName" type="VARCHAR" length="1" notNull="false" default=""/>
		</fields>
		<constraints>
<!-- <constraint name = "" type="" field="" referencesTable="" referencesField=""> -->
		</constraints>
	</table>
	<table name="FACULTY" id="2" relatedTables="13">
		<fields>
			<field name="FacultyName" type="VARCHAR" length="1" notNull="true" default=""/>
			<field name="FacSSN" type="VARCHAR" length="1" notNull="false" default=""/>
		</fields>
		<constraints>
			<!--<constraint name="FACULTY_PK" type="PRIMARY KEY" field="Facultyname" referencesTable="" referencesField=""/>-->
		</constraints>
	</table>
	<table name="COURSES" id="13" relatedTables="2">
		<fields>
			<field name="Grade" type="VARCHAR" length="1" notNull="false" default=""/>
			<field name="Number" type="VARCHAR" length="1" notNull="false" default=""/>\
			<field name="CourseName" type="VARCHAR" length="1" notNull="false" default=""/>
		</fields>
		<constraints>
		</constraints>
	</table>
</database>